City Group,Type,P1,P2,P3,P4,P5,P6,P7,P8,P9,P10,P11,P12,P13,P14,P15,P16,P17,P18,P19,P20,P21,P22,P23,P24,P25,P26,P27,P28,P29,P30,P31,P32,P33,P34,P35,P36,P37,revenue,Sale Day,Sale Year,Sale Month
Other,IL,4.0,5.0,4.0,3.0,1.0,2.0,5.0,4.0,4.0,5.0,5.0,4.0,5.0,2.0,2.0,4.0,2.0,4.0,5.0,5.0,4.0,3.0,5.0,3.0,3.0,3.0,4.0,3.0,2.0,4.0,1.0,3.0,3.0,3.0,4.0,3.0,3.0,15.177482769114041,8,1996,5
Big Cities,IL,12.0,8.0,6.0,8.0,2.0,8.0,10.0,8.0,8.0,8.0,10.0,6.0,6.0,15.0,8.0,12.0,6.0,9.0,25.0,15.0,9.0,5.0,15.0,6.0,10.0,10.0,5.0,12.0,2.0,25.0,15.0,25.0,6.0,18.0,3.0,16.0,6.0,15.27101516694316,10,1997,4
Big Cities,IL,4.0,5.0,4.0,4.0,1.0,3.0,5.0,5.0,4.0,4.0,2.0,4.0,4.0,3.0,4.0,4.0,2.0,4.0,5.0,5.0,2.0,4.0,3.0,5.0,3.0,4.0,2.0,4.0,2.0,3.0,5.0,5.0,2.0,3.0,5.0,4.0,4.0,15.364337373490478,28,1998,1
Big Cities,IL,4.0,5.0,5.0,4.0,1.0,5.0,5.0,5.0,4.0,4.0,2.0,4.0,4.0,3.0,4.0,2.0,1.0,4.0,2.0,3.0,2.0,2.0,1.0,3.0,3.0,4.0,5.0,3.0,3.0,3.0,2.0,1.0,2.0,2.0,1.0,3.0,3.0,15.146353253802271,14,1998,3
Big Cities,IL,12.0,8.0,6.0,6.0,2.0,8.0,10.0,10.0,10.0,10.0,4.0,10.0,8.0,15.0,10.0,15.0,15.0,12.0,10.0,9.0,6.0,3.0,5.0,10.0,10.0,12.0,5.0,5.0,8.0,20.0,15.0,25.0,4.0,24.0,15.0,20.0,6.0,14.75209516899967,13,1998,7
Big Cities,IL,2.0,4.0,4.0,4.0,2.0,5.0,5.0,4.0,5.0,4.0,3.0,5.0,4.0,4.0,4.0,5.0,5.0,5.0,2.0,4.0,1.0,2.0,1.0,5.0,5.0,5.0,1.0,2.0,3.0,5.0,5.0,5.0,3.0,4.0,4.0,5.0,3.0,15.601619761127877,12,1998,8
Other,IL,2.0,4.0,5.0,4.0,1.0,1.0,3.0,4.0,4.0,4.0,4.0,2.0,3.0,4.0,1.0,2.0,3.0,2.0,1.0,2.0,2.0,1.0,1.0,5.0,2.0,7.0,4.0,2.0,3.0,11.0,2.0,2.0,2.0,3.0,3.0,2.0,4.0,15.352779202358168,5,1999,6
Big Cities,IL,4.0,5.0,4.0,4.0,2.0,2.0,5.0,4.0,5.0,5.0,3.0,5.0,5.0,1.0,2.0,2.0,2.0,4.0,5.0,4.0,1.0,3.0,3.0,1.0,1.0,1.0,4.0,2.0,3.0,5.0,3.0,4.0,5.0,5.0,4.0,3.0,4.0,15.547830307268965,17,1999,7
Other,FC,4.0,5.0,4.0,3.0,1.0,2.0,5.0,4.0,4.0,5.0,4.0,4.0,5.0,9.0,2.0,4.0,5.0,7.0,5.0,5.0,5.0,5.0,5.0,5.0,6.0,5.0,2.0,4.0,3.0,1.0,10.0,11.0,2.0,6.0,4.0,6.0,2.0,15.508421043200087,9,1999,10
Big Cities,IL,4.0,5.0,4.0,4.0,2.0,4.0,5.0,4.0,4.0,4.0,5.0,3.0,4.0,5.0,5.0,5.0,5.0,5.0,5.0,5.0,5.0,3.0,1.0,5.0,5.0,5.0,1.0,5.0,1.0,5.0,5.0,4.0,2.0,5.0,5.0,5.0,3.0,16.42375699823255,18,1999,12
Big Cities,FC,3.0,5.0,4.0,4.0,2.0,5.0,5.0,4.0,5.0,4.0,3.0,5.0,4.0,6.0,2.0,3.0,9.0,2.0,1.0,4.0,1.0,1.0,1.0,6.0,5.0,5.0,5.0,2.0,2.0,8.0,5.0,4.0,3.0,2.0,5.0,4.0,4.0,16.795973851694033,7,2000,1
Big Cities,FC,3.0,5.0,4.0,4.0,2.0,5.0,5.0,4.0,5.0,4.0,3.0,5.0,4.0,3.0,2.0,4.0,2.0,5.0,1.0,4.0,1.0,1.0,1.0,5.0,2.0,4.0,3.0,2.0,3.0,4.0,5.0,7.0,4.0,4.0,2.0,5.0,3.0,15.829759097714035,7,2000,1
Big Cities,FC,12.0,8.0,8.0,6.0,2.0,10.0,10.0,8.0,8.0,10.0,8.0,8.0,8.0,5.0,9.0,11.0,3.0,9.0,25.0,15.0,6.0,3.0,25.0,7.0,6.0,9.0,1.0,10.0,8.0,16.0,9.0,15.0,3.0,17.0,13.0,12.0,2.0,15.729845413024448,1,2002,11
Big Cities,FC,3.0,4.0,4.0,5.0,3.0,4.0,5.0,4.0,4.0,4.0,5.0,4.0,4.0,2.0,4.0,7.0,6.0,3.0,4.0,5.0,1.0,2.0,1.0,6.0,3.0,5.0,4.0,3.0,2.0,8.0,3.0,7.0,3.0,5.0,4.0,7.0,3.0,14.978542610718616,6,2002,11
Other,FC,4.0,5.0,2.0,5.0,2.0,2.0,5.0,4.0,4.0,4.0,3.0,4.0,4.0,5.0,5.0,3.0,2.0,5.0,4.0,4.0,1.0,2.0,3.0,5.0,5.0,6.0,1.0,1.0,3.0,6.0,5.0,5.0,4.0,7.0,8.0,5.0,3.0,14.822757641838216,11,2004,9
Big Cities,IL,2.0,3.0,5.0,3.0,1.0,5.0,5.0,5.0,5.0,5.0,1.0,5.0,5.0,1.0,1.0,3.0,1.0,4.0,1.0,3.0,1.0,2.0,1.0,1.0,1.0,1.0,1.0,2.0,3.0,3.0,5.0,5.0,2.0,3.0,4.0,3.0,4.0,15.265759754285238,13,2004,10
Big Cities,FC,2.0,4.0,4.0,4.0,2.0,3.0,5.0,5.0,5.0,4.0,2.0,5.0,4.0,7.0,4.0,7.0,11.0,6.0,2.0,2.0,1.0,1.0,1.0,6.0,3.0,4.0,1.0,2.0,3.0,3.0,6.0,4.0,3.0,2.0,7.0,7.0,3.0,15.052456813413784,13,2004,11
Big Cities,DT,1.0,3.0,4.0,5.0,5.0,5.0,1.0,5.0,5.0,5.0,2.0,5.0,5.0,3.0,2.0,5.0,1.0,5.0,1.0,2.0,2.0,1.0,2.0,4.0,3.0,5.0,2.0,2.0,3.0,9.0,9.0,8.0,4.0,10.0,3.0,8.0,1.0,15.153141846838212,18,2005,8
Big Cities,FC,5.0,5.0,4.0,5.0,1.0,4.0,5.0,3.0,4.0,4.0,5.0,3.0,4.0,4.0,4.0,6.0,5.0,2.0,5.0,5.0,5.0,5.0,4.0,6.0,7.0,9.0,3.0,5.0,3.0,8.0,5.0,2.0,2.0,4.0,5.0,4.0,2.0,16.62184016272314,15,2005,10
Big Cities,FC,2.0,4.0,4.0,4.0,1.0,3.0,5.0,4.0,5.0,5.0,3.0,5.0,5.0,4.0,3.0,4.0,3.0,2.0,2.0,4.0,2.0,2.0,1.0,1.0,5.0,4.0,3.0,2.0,3.0,1.0,8.0,15.0,3.0,6.0,3.0,6.0,4.0,15.218322499655205,16,2005,12
Big Cities,IL,3.0,5.0,4.0,5.0,3.0,3.0,5.0,4.0,4.0,5.0,4.0,2.0,5.0,1.0,3.0,3.0,1.0,4.0,5.0,5.0,4.0,2.0,2.0,1.0,1.0,1.0,1.0,3.0,1.0,3.0,3.0,3.0,2.0,3.0,4.0,3.0,1.0,14.51800689861144,27,2005,12
Other,FC,9.0,6.0,6.0,6.0,4.0,6.0,10.0,10.0,10.0,10.0,2.0,10.0,8.0,4.0,5.0,10.0,2.0,6.0,15.0,12.0,3.0,3.0,10.0,7.0,3.0,6.0,2.0,8.0,8.0,25.0,7.0,16.0,7.0,17.0,13.0,12.0,3.0,15.190765963393943,1,2006,7
Other,FC,3.0,4.0,4.0,4.0,2.0,3.0,5.0,5.0,5.0,5.0,1.0,5.0,5.0,3.0,3.0,1.0,3.0,5.0,2.0,3.0,1.0,2.0,2.0,5.0,1.0,5.0,5.0,2.0,3.0,6.0,12.0,11.0,3.0,5.0,2.0,5.0,5.0,14.749585410732324,8,2006,7
Big Cities,FC,4.0,5.0,4.0,4.0,2.0,3.0,5.0,4.0,4.0,5.0,5.0,4.0,5.0,3.0,5.0,7.0,4.0,4.0,3.0,2.0,2.0,1.0,1.0,9.0,5.0,8.0,6.0,3.0,3.0,8.0,6.0,4.0,1.0,1.0,7.0,6.0,4.0,16.0415120785719,12,2006,10
Big Cities,FC,1.0,1.0,4.0,4.0,2.0,1.0,1.0,4.0,4.0,4.0,5.0,2.0,4.0,1.0,4.0,3.0,4.0,1.0,1.0,1.0,1.0,1.0,1.0,7.0,7.0,8.0,4.0,1.0,3.0,14.0,1.0,2.0,3.0,6.0,6.0,2.0,4.0,15.053273297737032,13,2006,10
Big Cities,FC,4.0,5.0,4.0,4.0,1.0,4.0,5.0,5.0,5.0,5.0,2.0,5.0,5.0,4.0,5.0,6.0,5.0,4.0,3.0,5.0,1.0,4.0,2.0,9.0,4.0,6.0,2.0,3.0,3.0,5.0,9.0,3.0,3.0,7.0,9.0,4.0,2.0,15.19748761291523,27,2006,11
Big Cities,IL,12.0,8.0,6.0,6.0,2.0,10.0,10.0,10.0,10.0,10.0,4.0,10.0,8.0,9.0,8.0,12.0,3.0,12.0,10.0,9.0,6.0,3.0,5.0,8.0,8.0,10.0,10.0,10.0,8.0,5.0,6.0,10.0,6.0,18.0,12.0,12.0,6.0,15.23534268793223,6,2006,12
Other,FC,3.0,4.0,4.0,4.0,1.0,2.0,5.0,5.0,5.0,5.0,2.0,5.0,5.0,3.0,2.0,2.0,4.0,7.0,2.0,3.0,1.0,2.0,1.0,3.0,5.0,6.0,5.0,2.0,2.0,8.0,6.0,8.0,2.0,3.0,8.0,7.0,4.0,14.556029277873503,9,2006,12
Other,IL,4.0,5.0,4.0,3.0,1.0,3.0,5.0,5.0,5.0,5.0,2.0,5.0,5.0,1.0,2.0,2.0,1.0,3.0,2.0,5.0,1.0,3.0,4.0,1.0,1.0,4.0,3.0,2.0,3.0,5.0,5.0,3.0,3.0,5.0,4.0,3.0,2.0,15.31239078379547,22,2007,1
Other,FC,4.0,5.0,5.0,4.0,2.0,2.0,5.0,4.0,5.0,5.0,3.0,5.0,5.0,3.0,4.0,5.0,3.0,4.0,5.0,5.0,4.0,5.0,5.0,3.0,3.0,5.0,2.0,4.0,1.0,9.0,5.0,9.0,3.0,7.0,7.0,6.0,3.0,15.186641787663541,8,2007,2
Other,IL,3.0,5.0,4.0,4.0,1.0,2.0,5.0,5.0,5.0,5.0,1.0,5.0,5.0,6.0,2.0,4.0,7.0,7.0,3.0,2.0,1.0,2.0,2.0,4.0,5.0,7.0,8.0,1.0,3.0,12.0,6.0,9.0,4.0,8.0,8.0,8.0,7.0,14.54953477152983,20,2007,6
Big Cities,FC,2.0,4.0,3.0,5.0,4.0,5.0,5.0,4.0,4.0,4.0,5.0,4.0,4.0,7.0,9.0,6.0,9.0,7.0,1.0,2.0,1.0,1.0,1.0,6.0,6.0,6.0,3.0,3.0,2.0,7.0,8.0,10.0,4.0,4.0,8.0,6.0,4.0,15.255171263218486,25,2007,8
Other,FC,3.0,4.0,4.0,4.0,2.0,2.0,5.0,5.0,5.0,5.0,1.0,5.0,5.0,6.0,1.0,6.0,3.0,6.0,3.0,2.0,1.0,2.0,1.0,8.0,3.0,4.0,5.0,3.0,3.0,2.0,6.0,13.0,1.0,6.0,7.0,5.0,4.0,15.842641577529504,7,2007,9
Big Cities,FC,3.0,5.0,4.0,4.0,2.0,5.0,5.0,5.0,5.0,5.0,2.0,5.0,5.0,6.0,4.0,6.0,2.0,4.0,4.0,5.0,2.0,2.0,1.0,6.0,5.0,6.0,1.0,4.0,3.0,1.0,5.0,5.0,2.0,2.0,2.0,5.0,3.0,16.08271207058595,21,2007,9
Big Cities,FC,4.0,5.0,4.0,4.0,1.0,3.0,5.0,5.0,5.0,5.0,2.0,5.0,5.0,5.0,1.0,3.0,5.0,6.0,3.0,3.0,1.0,3.0,1.0,5.0,2.0,5.0,2.0,2.0,3.0,6.0,11.0,11.0,3.0,8.0,5.0,7.0,3.0,15.09657439497707,1,2007,12
Big Cities,FC,5.0,5.0,4.0,4.0,1.0,3.0,5.0,5.0,4.0,4.0,2.0,4.0,4.0,7.0,3.0,2.0,6.0,6.0,5.0,5.0,3.0,4.0,2.0,2.0,3.0,6.0,3.0,5.0,2.0,5.0,2.0,8.0,4.0,7.0,2.0,6.0,5.0,15.59158041982115,11,2008,2
Big Cities,FC,4.0,5.0,4.0,4.0,1.0,2.0,5.0,5.0,5.0,5.0,1.0,5.0,5.0,6.0,6.0,5.0,4.0,6.0,3.0,2.0,1.0,3.0,2.0,1.0,3.0,4.0,5.0,3.0,3.0,8.0,4.0,1.0,4.0,3.0,5.0,3.0,6.0,15.750378826356913,14,2008,2
Other,FC,1.0,2.0,5.0,3.0,1.0,2.0,1.0,5.0,5.0,5.0,1.0,5.0,5.0,3.0,4.0,3.0,3.0,2.0,1.0,1.0,1.0,1.0,1.0,4.0,3.0,3.0,3.0,1.0,2.0,10.0,6.0,2.0,4.0,2.0,4.0,5.0,3.0,14.842280204116772,15,2008,3
Big Cities,FC,12.0,8.0,6.0,6.0,2.0,8.0,10.0,10.0,10.0,10.0,4.0,10.0,8.0,12.0,3.0,13.0,5.0,15.0,15.0,3.0,3.0,3.0,5.0,8.0,10.0,11.0,1.0,8.0,8.0,12.0,12.0,25.0,3.0,18.0,5.0,17.0,4.0,15.970834202454078,1,2008,4
Big Cities,FC,3.0,5.0,5.0,3.0,1.0,5.0,5.0,5.0,5.0,5.0,2.0,5.0,5.0,5.0,3.0,3.0,7.0,2.0,2.0,5.0,2.0,4.0,3.0,4.0,8.0,5.0,5.0,3.0,3.0,9.0,2.0,9.0,2.0,5.0,10.0,4.0,5.0,14.923501396888462,9,2008,5
Big Cities,FC,12.0,8.0,6.0,6.0,4.0,6.0,10.0,8.0,8.0,8.0,6.0,8.0,6.0,6.0,5.0,11.0,6.0,10.0,15.0,12.0,3.0,2.0,5.0,7.0,7.0,10.0,6.0,8.0,5.0,18.0,14.0,19.0,6.0,10.0,4.0,13.0,6.0,15.285818348382689,30,2008,5
Other,FC,3.0,3.0,6.0,6.0,4.0,2.0,2.0,8.0,10.0,10.0,6.0,10.0,8.0,7.0,4.0,8.0,4.0,8.0,5.0,3.0,3.0,1.0,5.0,4.0,2.0,2.0,4.0,2.0,8.0,14.0,6.0,5.0,3.0,12.0,6.0,11.0,6.0,15.402452318820426,15,2008,6
Other,FC,2.0,3.0,4.0,3.0,1.0,4.0,5.0,5.0,5.0,5.0,2.0,5.0,5.0,2.0,4.0,5.0,1.0,3.0,1.0,2.0,1.0,1.0,1.0,4.0,5.0,5.0,4.0,3.0,2.0,4.0,5.0,11.0,3.0,4.0,4.0,4.0,6.0,14.99688124808465,21,2008,6
Other,FC,2.0,3.0,3.0,5.0,4.0,2.0,4.0,4.0,4.0,4.0,4.0,4.0,4.0,4.0,2.0,2.0,4.0,4.0,4.0,3.0,2.0,1.0,1.0,6.0,6.0,7.0,7.0,2.0,3.0,14.0,5.0,4.0,3.0,5.0,7.0,6.0,1.0,15.571227391928732,25,2008,6
Other,IL,3.0,3.0,4.0,4.0,2.0,2.0,5.0,4.0,5.0,5.0,3.0,5.0,5.0,1.0,5.0,4.0,2.0,4.0,5.0,5.0,2.0,1.0,4.0,3.0,3.0,3.0,2.0,2.0,3.0,5.0,5.0,5.0,4.0,2.0,5.0,3.0,2.0,15.205734687420012,20,2008,7
Big Cities,FC,2.0,4.0,4.0,4.0,1.0,4.0,5.0,5.0,5.0,5.0,1.0,5.0,5.0,4.0,3.0,5.0,2.0,7.0,1.0,1.0,1.0,1.0,1.0,2.0,2.0,4.0,4.0,3.0,3.0,5.0,2.0,9.0,2.0,9.0,4.0,8.0,2.0,15.752981482441456,12,2008,8
Big Cities,FC,2.0,2.0,4.0,4.0,2.0,2.0,5.0,5.0,5.0,5.0,2.0,5.0,5.0,2.0,2.0,2.0,5.0,6.0,3.0,4.0,1.0,2.0,1.0,4.0,4.0,4.0,4.0,2.0,3.0,11.0,8.0,12.0,3.0,8.0,5.0,6.0,4.0,15.339482952498114,25,2008,11
Other,IL,1.0,1.0,3.0,3.0,2.0,1.0,1.0,5.0,5.0,5.0,2.0,5.0,5.0,1.0,1.0,2.0,6.0,5.0,1.0,1.0,1.0,1.0,1.0,7.0,4.0,4.0,4.0,1.0,3.0,13.0,3.0,9.0,3.0,6.0,13.0,4.0,6.0,14.91685245120325,1,2008,12
Other,IL,4.0,5.0,5.0,4.0,2.0,2.0,5.0,4.0,5.0,5.0,3.0,5.0,5.0,3.0,4.0,3.0,1.0,3.0,5.0,5.0,4.0,5.0,5.0,3.0,3.0,3.0,2.0,4.0,1.0,5.0,3.0,3.0,2.0,3.0,4.0,3.0,1.0,15.2399279145812,6,2008,12
Other,FC,3.0,4.0,3.0,4.0,3.0,2.0,5.0,4.0,4.0,4.0,3.0,4.0,4.0,4.0,4.0,5.0,9.0,3.0,5.0,1.0,1.0,1.0,1.0,4.0,3.0,2.0,5.0,1.0,3.0,15.0,5.0,12.0,4.0,5.0,2.0,8.0,5.0,14.997828069869346,17,2009,1
Big Cities,FC,3.0,5.0,4.0,4.0,1.0,4.0,5.0,4.0,5.0,4.0,4.0,5.0,4.0,5.0,5.0,5.0,3.0,2.0,4.0,5.0,2.0,4.0,5.0,7.0,4.0,7.0,4.0,5.0,1.0,9.0,6.0,11.0,3.0,7.0,1.0,7.0,2.0,15.716841364882255,26,2009,1
Big Cities,IL,4.0,5.0,4.0,4.0,2.0,3.0,5.0,4.0,4.0,4.0,4.0,4.0,4.0,4.0,4.0,3.0,3.0,3.0,3.0,5.0,1.0,2.0,2.0,3.0,3.0,3.0,1.0,2.0,2.0,4.0,1.0,2.0,2.0,3.0,4.0,3.0,2.0,15.155251950525377,28,2009,3
Other,IL,3.0,4.0,3.0,4.0,2.0,2.0,5.0,5.0,5.0,5.0,2.0,5.0,5.0,2.0,1.0,2.0,1.0,4.0,2.0,2.0,1.0,2.0,1.0,2.0,3.0,3.0,5.0,1.0,3.0,5.0,1.0,3.0,2.0,3.0,4.0,3.0,3.0,15.278005485947833,9,2009,5
Big Cities,IL,1.0,1.0,4.0,3.0,1.0,2.0,1.0,5.0,5.0,5.0,1.0,5.0,5.0,1.0,1.0,1.0,1.0,1.0,2.0,1.0,1.0,1.0,1.0,1.0,1.0,1.0,5.0,1.0,3.0,5.0,4.0,4.0,3.0,3.0,4.0,2.0,3.0,14.67606825965636,11,2009,5
Big Cities,IL,4.0,5.0,5.0,4.0,1.0,5.0,5.0,3.0,4.0,5.0,5.0,3.0,5.0,3.0,4.0,5.0,5.0,4.0,5.0,5.0,5.0,5.0,5.0,5.0,3.0,5.0,1.0,5.0,1.0,5.0,5.0,4.0,3.0,3.0,4.0,4.0,1.0,15.331568785988138,1,2009,6
Other,FC,2.0,4.0,4.0,4.0,2.0,2.0,5.0,3.0,4.0,4.0,5.0,4.0,4.0,4.0,7.0,3.0,3.0,4.0,2.0,2.0,1.0,1.0,1.0,5.0,3.0,5.0,5.0,2.0,3.0,4.0,4.0,5.0,3.0,2.0,6.0,6.0,1.0,14.913812465135697,3,2009,6
Big Cities,IL,3.0,5.0,4.0,4.0,2.0,2.0,5.0,3.0,4.0,5.0,5.0,4.0,5.0,3.0,2.0,3.0,1.0,4.0,4.0,5.0,5.0,3.0,5.0,5.0,2.0,5.0,3.0,5.0,1.0,4.0,3.0,3.0,2.0,3.0,4.0,3.0,1.0,14.74190052049656,5,2009,8
Big Cities,FC,4.0,5.0,3.0,5.0,2.0,2.0,5.0,4.0,4.0,5.0,4.0,4.0,5.0,8.0,7.0,8.0,3.0,6.0,2.0,1.0,1.0,1.0,1.0,5.0,5.0,7.0,5.0,3.0,3.0,2.0,4.0,6.0,5.0,11.0,2.0,9.0,4.0,15.666048553866382,1,2009,9
Big Cities,IL,5.0,5.0,3.0,5.0,2.0,2.0,5.0,5.0,5.0,4.0,2.0,5.0,4.0,4.0,4.0,4.0,5.0,4.0,5.0,5.0,2.0,2.0,3.0,2.0,2.0,2.0,5.0,3.0,2.0,5.0,5.0,4.0,4.0,4.0,4.0,5.0,2.0,16.00202071816329,20,2009,9
Big Cities,FC,2.0,4.0,5.0,4.0,1.0,2.0,5.0,5.0,5.0,5.0,2.0,5.0,5.0,4.0,4.0,3.0,2.0,3.0,1.0,1.0,1.0,2.0,1.0,5.0,2.0,5.0,3.0,1.0,3.0,5.0,6.0,9.0,3.0,4.0,1.0,6.0,5.0,14.820780928529512,24,2009,9
Big Cities,IL,4.0,4.0,5.0,3.0,1.0,3.0,5.0,5.0,5.0,5.0,2.0,5.0,5.0,3.0,2.0,4.0,1.0,4.0,1.0,3.0,2.0,2.0,3.0,3.0,2.0,3.0,5.0,2.0,3.0,4.0,3.0,3.0,2.0,4.0,4.0,3.0,1.0,15.262559885346569,9,2009,10
Big Cities,FC,4.0,5.0,4.0,5.0,1.0,3.0,5.0,5.0,5.0,5.0,2.0,5.0,5.0,3.0,5.0,3.0,6.0,3.0,3.0,5.0,2.0,5.0,3.0,3.0,3.0,3.0,5.0,5.0,1.0,13.0,2.0,2.0,3.0,4.0,9.0,5.0,3.0,15.131212107661344,16,2009,10
Big Cities,FC,2.0,4.0,4.0,5.0,1.0,3.0,5.0,4.0,5.0,5.0,3.0,5.0,5.0,8.0,4.0,3.0,4.0,5.0,1.0,1.0,1.0,1.0,1.0,5.0,6.0,3.0,2.0,1.0,1.0,1.0,6.0,8.0,4.0,3.0,2.0,4.0,4.0,15.921292743728163,8,2009,11
Big Cities,IL,4.0,5.0,5.0,3.0,1.0,2.0,5.0,4.0,5.0,5.0,3.0,5.0,5.0,4.0,4.0,3.0,5.0,4.0,3.0,5.0,3.0,5.0,5.0,4.0,4.0,4.0,4.0,5.0,3.0,4.0,1.0,2.0,2.0,3.0,5.0,5.0,1.0,15.877987638441512,23,2009,12
Big Cities,IL,12.0,8.0,8.0,4.0,2.0,10.0,10.0,10.0,10.0,10.0,4.0,10.0,8.0,3.0,4.0,9.0,3.0,3.0,10.0,15.0,3.0,4.0,5.0,6.0,4.0,8.0,5.0,10.0,5.0,25.0,6.0,10.0,4.0,18.0,12.0,12.0,2.0,14.42952091208302,25,2009,12
Other,FC,2.0,2.0,4.0,3.0,1.0,1.0,1.0,4.0,5.0,5.0,3.0,5.0,5.0,1.0,1.0,7.0,4.0,8.0,4.0,3.0,1.0,1.0,2.0,7.0,6.0,6.0,5.0,2.0,3.0,10.0,5.0,8.0,2.0,3.0,9.0,5.0,7.0,14.4479157348188,9,2010,1
Other,IL,4.0,5.0,4.0,3.0,1.0,3.0,5.0,5.0,5.0,5.0,1.0,5.0,5.0,2.0,2.0,4.0,2.0,4.0,3.0,3.0,1.0,4.0,4.0,3.0,3.0,3.0,2.0,2.0,3.0,4.0,5.0,5.0,3.0,3.0,4.0,4.0,3.0,15.658156722262913,25,2010,1
Big Cities,FC,6.0,6.0,4.0,8.0,8.0,10.0,10.0,8.0,8.0,8.0,10.0,8.0,6.0,5.0,5.0,15.0,6.0,12.0,5.0,6.0,3.0,1.0,5.0,11.0,6.0,12.0,10.0,8.0,5.0,22.0,9.0,11.0,2.0,18.0,12.0,13.0,5.0,15.428406484569665,12,2010,2
Big Cities,IL,3.0,5.0,4.0,5.0,2.0,3.0,5.0,3.0,5.0,4.0,5.0,5.0,4.0,3.0,4.0,4.0,1.0,4.0,5.0,5.0,2.0,3.0,2.0,2.0,2.0,2.0,1.0,3.0,3.0,5.0,5.0,4.0,3.0,3.0,4.0,3.0,1.0,14.634155825378254,23,2010,2
Other,FC,2.0,2.0,4.0,3.0,2.0,1.0,5.0,4.0,5.0,5.0,5.0,5.0,5.0,3.0,1.0,3.0,5.0,3.0,5.0,4.0,2.0,2.0,2.0,2.0,3.0,4.0,3.0,2.0,3.0,11.0,7.0,6.0,4.0,5.0,4.0,2.0,3.0,15.152482575832561,23,2010,2
Big Cities,IL,2.0,4.0,3.0,4.0,2.0,3.0,5.0,5.0,5.0,4.0,1.0,5.0,4.0,2.0,2.0,2.0,1.0,4.0,2.0,1.0,1.0,2.0,1.0,5.0,3.0,5.0,5.0,2.0,3.0,5.0,5.0,5.0,4.0,4.0,4.0,3.0,4.0,15.160128914167485,16,2010,3
Big Cities,IL,3.0,5.0,4.0,5.0,3.0,4.0,5.0,4.0,4.0,4.0,5.0,4.0,4.0,1.0,1.0,2.0,1.0,1.0,5.0,5.0,1.0,3.0,2.0,2.0,2.0,2.0,1.0,3.0,3.0,5.0,2.0,3.0,2.0,2.0,2.0,3.0,3.0,14.583811128324156,1,2010,5
Big Cities,IL,2.0,3.0,4.0,3.0,1.0,5.0,5.0,5.0,5.0,5.0,1.0,5.0,5.0,1.0,1.0,2.0,1.0,4.0,1.0,3.0,1.0,2.0,5.0,1.0,1.0,1.0,1.0,1.0,3.0,5.0,5.0,5.0,3.0,4.0,4.0,3.0,1.0,14.823719541735718,23,2010,8
Other,IL,3.0,4.0,4.0,4.0,2.0,2.0,5.0,4.0,5.0,5.0,3.0,5.0,5.0,3.0,5.0,5.0,4.0,4.0,5.0,5.0,1.0,1.0,5.0,2.0,4.0,1.0,5.0,1.0,3.0,5.0,1.0,2.0,2.0,4.0,5.0,5.0,4.0,15.524927009165754,25,2010,8
Other,IL,1.0,1.0,4.0,4.0,1.0,2.0,1.0,5.0,5.0,5.0,1.0,5.0,5.0,1.0,1.0,2.0,1.0,4.0,1.0,1.0,1.0,1.0,1.0,4.0,4.0,4.0,2.0,2.0,3.0,4.0,5.0,5.0,3.0,4.0,5.0,4.0,5.0,15.415402653718315,28,2010,8
Other,IL,9.0,6.0,6.0,6.0,4.0,6.0,10.0,6.0,8.0,10.0,10.0,8.0,8.0,9.0,10.0,15.0,3.0,12.0,15.0,15.0,9.0,2.0,25.0,6.0,4.0,8.0,2.0,5.0,8.0,20.0,9.0,15.0,4.0,24.0,12.0,16.0,2.0,15.38007829303155,1,2010,9
Big Cities,IL,2.0,3.0,4.0,4.0,1.0,5.0,5.0,5.0,5.0,5.0,2.0,5.0,5.0,3.0,4.0,4.0,3.0,4.0,2.0,4.0,1.0,2.0,1.0,5.0,4.0,4.0,5.0,1.0,3.0,4.0,5.0,2.0,2.0,3.0,5.0,4.0,4.0,15.457732357719879,11,2010,10
Big Cities,FC,4.0,5.0,4.0,4.0,1.0,3.0,5.0,5.0,5.0,5.0,2.0,5.0,5.0,6.0,6.0,5.0,7.0,1.0,3.0,4.0,1.0,2.0,1.0,4.0,6.0,7.0,3.0,3.0,3.0,15.0,8.0,11.0,3.0,3.0,4.0,6.0,4.0,15.385739133180387,16,2010,10
Big Cities,FC,4.0,5.0,4.0,5.0,2.0,2.0,5.0,5.0,5.0,5.0,2.0,5.0,5.0,5.0,8.0,7.0,3.0,3.0,1.0,1.0,1.0,1.0,1.0,6.0,3.0,8.0,4.0,3.0,3.0,2.0,3.0,4.0,2.0,4.0,2.0,7.0,4.0,15.792037894881881,29,2010,10
Other,FC,2.0,4.0,4.0,4.0,2.0,3.0,5.0,5.0,5.0,4.0,2.0,5.0,4.0,4.0,1.0,2.0,2.0,4.0,3.0,1.0,1.0,1.0,1.0,3.0,3.0,3.0,1.0,2.0,3.0,1.0,1.0,3.0,2.0,3.0,1.0,3.0,3.0,15.480612668453729,15,2010,11
Big Cities,FC,3.0,5.0,4.0,4.0,2.0,5.0,5.0,4.0,5.0,4.0,3.0,5.0,4.0,7.0,3.0,2.0,3.0,4.0,1.0,4.0,1.0,1.0,1.0,3.0,4.0,3.0,3.0,2.0,2.0,5.0,3.0,3.0,3.0,5.0,2.0,2.0,6.0,15.513270837664596,18,2011,1
Big Cities,IL,3.0,5.0,4.0,4.0,2.0,2.0,5.0,1.0,4.0,4.0,5.0,2.0,4.0,4.0,4.0,4.0,3.0,3.0,5.0,5.0,5.0,1.0,1.0,5.0,5.0,5.0,1.0,3.0,2.0,5.0,5.0,3.0,3.0,3.0,4.0,3.0,2.0,15.737784122349685,9,2011,2
Big Cities,FC,4.0,5.0,4.0,5.0,2.0,4.0,5.0,4.0,4.0,4.0,3.0,3.0,4.0,6.0,4.0,4.0,4.0,4.0,5.0,5.0,3.0,5.0,3.0,3.0,4.0,5.0,6.0,5.0,1.0,6.0,4.0,9.0,5.0,8.0,3.0,4.0,2.0,15.21490227305944,1,2011,3
Other,FC,3.0,4.0,4.0,4.0,1.0,2.0,5.0,2.0,4.0,5.0,5.0,4.0,5.0,2.0,4.0,2.0,2.0,2.0,3.0,5.0,1.0,3.0,1.0,6.0,3.0,6.0,4.0,2.0,3.0,11.0,5.0,1.0,3.0,5.0,5.0,5.0,4.0,14.667663754961787,11,2011,3
Other,IL,4.0,4.0,4.0,4.0,1.0,2.0,5.0,4.0,5.0,5.0,3.0,5.0,5.0,3.0,5.0,5.0,3.0,4.0,5.0,5.0,3.0,3.0,5.0,2.0,2.0,2.0,3.0,3.0,1.0,5.0,5.0,5.0,3.0,4.0,4.0,4.0,3.0,14.993753469410601,1,2011,5
Big Cities,IL,4.0,5.0,4.0,5.0,2.0,3.0,5.0,4.0,4.0,4.0,4.0,3.0,4.0,1.0,3.0,5.0,3.0,5.0,3.0,5.0,2.0,4.0,2.0,2.0,5.0,5.0,4.0,3.0,2.0,10.0,9.0,10.0,2.0,7.0,7.0,4.0,2.0,15.317721324781436,21,2011,6
Other,FC,3.0,3.0,4.0,4.0,2.0,2.0,5.0,4.0,5.0,5.0,3.0,5.0,5.0,5.0,4.0,7.0,8.0,3.0,3.0,5.0,1.0,3.0,2.0,4.0,2.0,1.0,2.0,2.0,3.0,4.0,4.0,1.0,5.0,2.0,4.0,3.0,3.0,15.024883952813118,26,2011,7
Other,FC,2.0,3.0,4.0,4.0,2.0,2.0,5.0,5.0,5.0,5.0,1.0,5.0,5.0,3.0,2.0,4.0,1.0,3.0,3.0,2.0,1.0,2.0,1.0,5.0,1.0,2.0,5.0,1.0,3.0,4.0,4.0,3.0,4.0,4.0,4.0,3.0,5.0,15.138258172642109,8,2011,8
Other,IL,2.0,4.0,4.0,4.0,2.0,2.0,5.0,5.0,4.0,4.0,1.0,3.0,4.0,3.0,7.0,8.0,2.0,7.0,2.0,1.0,1.0,1.0,1.0,5.0,3.0,5.0,5.0,2.0,3.0,8.0,5.0,6.0,2.0,4.0,3.0,8.0,1.0,14.519565531656134,16,2011,8
Other,FC,2.0,3.0,4.0,4.0,2.0,2.0,5.0,4.0,5.0,5.0,3.0,5.0,5.0,4.0,3.0,6.0,5.0,5.0,5.0,4.0,2.0,2.0,3.0,7.0,3.0,6.0,4.0,2.0,3.0,6.0,2.0,3.0,3.0,5.0,8.0,5.0,3.0,15.218555589974086,18,2011,8
Big Cities,IL,3.0,5.0,5.0,3.0,1.0,2.0,5.0,5.0,5.0,5.0,2.0,5.0,5.0,2.0,2.0,4.0,2.0,4.0,2.0,5.0,2.0,4.0,2.0,1.0,1.0,1.0,4.0,3.0,3.0,5.0,5.0,4.0,2.0,2.0,4.0,3.0,3.0,15.262608113190913,25,2011,8
Other,IL,2.0,2.0,4.0,5.0,4.0,2.0,5.0,5.0,5.0,5.0,1.0,5.0,5.0,1.0,2.0,3.0,1.0,7.0,3.0,1.0,1.0,2.0,1.0,4.0,3.0,4.0,4.0,2.0,3.0,9.0,4.0,7.0,1.0,4.0,4.0,7.0,4.0,15.054575275204753,30,2011,8
Big Cities,IL,12.0,8.0,6.0,6.0,4.0,4.0,10.0,8.0,10.0,10.0,6.0,10.0,8.0,8.0,9.0,13.0,5.0,10.0,25.0,15.0,6.0,4.0,20.0,4.0,4.0,6.0,1.0,8.0,5.0,20.0,10.0,16.0,4.0,19.0,14.0,12.0,4.0,15.415353788294691,27,2011,9
Big Cities,FC,4.0,5.0,4.0,5.0,2.0,2.0,5.0,3.0,4.0,5.0,5.0,4.0,5.0,7.0,7.0,4.0,10.0,5.0,5.0,5.0,5.0,5.0,5.0,7.0,6.0,7.0,3.0,5.0,1.0,16.0,6.0,4.0,3.0,3.0,6.0,8.0,2.0,15.023804413088934,4,2011,10
Big Cities,FC,2.0,4.0,4.0,4.0,1.0,2.0,5.0,5.0,5.0,5.0,1.0,5.0,5.0,3.0,2.0,3.0,8.0,5.0,1.0,1.0,1.0,1.0,1.0,2.0,2.0,4.0,8.0,3.0,2.0,8.0,5.0,7.0,3.0,5.0,8.0,4.0,4.0,14.68422361031232,14,2011,10
Other,FC,3.0,4.0,3.0,4.0,2.0,1.0,5.0,5.0,5.0,5.0,2.0,5.0,5.0,4.0,2.0,3.0,5.0,4.0,3.0,1.0,1.0,1.0,1.0,2.0,4.0,3.0,7.0,2.0,3.0,14.0,6.0,9.0,2.0,8.0,6.0,7.0,5.0,15.032245380208382,29,2011,10
Other,FC,1.0,1.0,4.0,3.0,1.0,1.0,1.0,4.0,5.0,5.0,3.0,5.0,5.0,5.0,3.0,5.0,5.0,2.0,1.0,1.0,1.0,1.0,1.0,7.0,4.0,4.0,2.0,2.0,3.0,14.0,4.0,3.0,3.0,8.0,10.0,5.0,5.0,15.26563146807971,5,2011,11
Other,IL,2.0,2.0,4.0,4.0,2.0,2.0,4.0,4.0,5.0,5.0,4.0,5.0,5.0,4.0,6.0,8.0,5.0,5.0,5.0,4.0,2.0,1.0,2.0,3.0,2.0,2.0,8.0,1.0,3.0,5.0,3.0,8.0,4.0,6.0,8.0,6.0,4.0,15.001230385664963,8,2011,11
Other,IL,6.0,4.0,6.0,8.0,6.0,4.0,10.0,10.0,10.0,10.0,2.0,10.0,8.0,9.0,5.0,11.0,4.0,10.0,25.0,3.0,3.0,1.0,10.0,6.0,5.0,8.0,5.0,5.0,2.0,17.0,14.0,21.0,2.0,10.0,4.0,14.0,7.0,15.510066522846385,16,2011,11
Other,FC,4.0,5.0,2.0,4.0,2.0,2.0,5.0,4.0,4.0,4.0,3.0,4.0,4.0,9.0,5.0,6.0,8.0,5.0,3.0,2.0,1.0,2.0,3.0,7.0,5.0,6.0,5.0,2.0,2.0,10.0,6.0,4.0,2.0,4.0,6.0,5.0,5.0,15.673779105506169,27,2011,11
Big Cities,IL,12.0,8.0,6.0,6.0,2.0,8.0,10.0,8.0,8.0,8.0,8.0,8.0,6.0,12.0,10.0,12.0,9.0,9.0,20.0,15.0,6.0,4.0,25.0,10.0,8.0,10.0,2.0,12.0,2.0,20.0,9.0,15.0,4.0,12.0,12.0,12.0,4.0,15.52040754820775,1,2011,12
Other,FC,2.0,4.0,4.0,4.0,1.0,2.0,5.0,5.0,5.0,5.0,2.0,5.0,5.0,3.0,1.0,4.0,5.0,3.0,2.0,3.0,1.0,2.0,1.0,3.0,3.0,2.0,9.0,2.0,2.0,9.0,1.0,10.0,3.0,4.0,7.0,6.0,4.0,15.303800203698414,6,2011,12
Other,FC,4.0,5.0,4.0,4.0,2.0,2.0,5.0,4.0,4.0,5.0,4.0,4.0,5.0,10.0,4.0,6.0,7.0,4.0,5.0,5.0,3.0,3.0,5.0,3.0,4.0,4.0,2.0,4.0,3.0,9.0,6.0,8.0,4.0,7.0,3.0,8.0,4.0,15.789839469926692,21,2011,12
Other,FC,4.0,4.0,5.0,5.0,2.0,2.0,5.0,5.0,5.0,5.0,2.0,5.0,5.0,9.0,9.0,4.0,8.0,5.0,3.0,1.0,2.0,1.0,1.0,6.0,6.0,5.0,3.0,2.0,3.0,3.0,5.0,12.0,4.0,6.0,8.0,7.0,6.0,15.14486995086662,23,2011,12
Other,FC,2.0,2.0,4.0,4.0,1.0,2.0,5.0,5.0,5.0,5.0,2.0,5.0,5.0,5.0,2.0,3.0,8.0,5.0,3.0,3.0,1.0,3.0,2.0,4.0,7.0,4.0,2.0,2.0,3.0,15.0,5.0,4.0,4.0,5.0,7.0,4.0,3.0,14.508206636793131,29,2011,12
Other,IL,6.0,4.0,6.0,6.0,4.0,4.0,10.0,8.0,10.0,10.0,8.0,10.0,8.0,6.0,4.0,9.0,3.0,12.0,20.0,12.0,6.0,1.0,10.0,2.0,2.0,2.0,2.0,2.0,8.0,25.0,12.0,10.0,6.0,18.0,12.0,12.0,6.0,14.799651321866403,2,2012,2
Other,FC,6.0,6.0,6.0,4.0,2.0,8.0,10.0,10.0,10.0,8.0,4.0,10.0,6.0,7.0,7.0,8.0,5.0,8.0,5.0,15.0,3.0,2.0,5.0,6.0,7.0,9.0,7.0,5.0,8.0,16.0,11.0,15.0,3.0,21.0,17.0,15.0,5.0,15.138035701956367,2,2012,2
Big Cities,IL,12.0,8.0,6.0,6.0,2.0,10.0,10.0,10.0,10.0,10.0,4.0,10.0,8.0,3.0,10.0,15.0,3.0,12.0,10.0,9.0,3.0,2.0,5.0,8.0,8.0,10.0,2.0,8.0,8.0,5.0,15.0,20.0,2.0,12.0,3.0,16.0,4.0,14.98455614687022,7,2012,2
Big Cities,FC,4.0,5.0,4.0,4.0,1.0,3.0,5.0,4.0,4.0,5.0,4.0,4.0,5.0,6.0,6.0,5.0,3.0,3.0,1.0,4.0,1.0,2.0,1.0,6.0,2.0,5.0,3.0,4.0,3.0,5.0,5.0,6.0,2.0,11.0,9.0,5.0,1.0,15.226713849739511,21,2012,3
Big Cities,FC,2.0,4.0,4.0,4.0,2.0,2.0,5.0,4.0,4.0,5.0,3.0,4.0,5.0,5.0,4.0,2.0,3.0,7.0,2.0,2.0,1.0,1.0,1.0,3.0,2.0,4.0,5.0,3.0,3.0,4.0,8.0,12.0,4.0,6.0,6.0,7.0,6.0,16.000954796559405,30,2012,3
Big Cities,FC,3.0,4.0,4.0,5.0,2.0,2.0,5.0,5.0,5.0,5.0,2.0,5.0,5.0,3.0,4.0,3.0,4.0,3.0,1.0,3.0,1.0,3.0,1.0,5.0,1.0,3.0,5.0,2.0,3.0,2.0,7.0,3.0,3.0,1.0,2.0,2.0,4.0,14.915598424098953,11,2012,4
Big Cities,IL,4.0,5.0,4.0,3.0,1.0,2.0,5.0,5.0,5.0,5.0,2.0,5.0,5.0,3.0,2.0,3.0,2.0,3.0,4.0,5.0,1.0,4.0,2.0,5.0,3.0,3.0,3.0,2.0,3.0,3.0,5.0,5.0,4.0,4.0,4.0,3.0,2.0,15.490272995054232,21,2012,4
Big Cities,IL,12.0,8.0,6.0,6.0,2.0,6.0,10.0,8.0,10.0,10.0,6.0,10.0,8.0,6.0,4.0,9.0,3.0,12.0,10.0,15.0,6.0,3.0,10.0,4.0,4.0,5.0,2.0,5.0,8.0,10.0,15.0,20.0,4.0,18.0,12.0,12.0,2.0,14.96765508271834,1,2012,5
Big Cities,IL,6.0,4.0,6.0,6.0,4.0,8.0,10.0,10.0,10.0,10.0,4.0,10.0,8.0,6.0,4.0,12.0,6.0,12.0,5.0,9.0,3.0,2.0,5.0,8.0,8.0,10.0,12.0,5.0,8.0,25.0,15.0,25.0,4.0,18.0,12.0,16.0,8.0,15.401267475949783,4,2012,5
Big Cities,IL,2.0,4.0,4.0,4.0,2.0,5.0,5.0,5.0,5.0,5.0,2.0,5.0,5.0,2.0,2.0,5.0,2.0,4.0,2.0,5.0,1.0,1.0,3.0,5.0,2.0,3.0,5.0,3.0,3.0,5.0,5.0,4.0,2.0,3.0,4.0,4.0,2.0,15.456712799840789,22,2012,5
Other,FC,2.0,4.0,4.0,4.0,2.0,2.0,5.0,5.0,5.0,5.0,2.0,5.0,5.0,4.0,3.0,6.0,4.0,5.0,1.0,1.0,1.0,1.0,1.0,5.0,5.0,6.0,5.0,1.0,3.0,11.0,7.0,8.0,5.0,8.0,6.0,5.0,4.0,14.054921081742355,8,2012,6
Other,FC,1.0,2.0,5.0,4.0,1.0,2.0,1.0,5.0,4.0,4.0,2.0,4.0,3.0,1.0,5.0,4.0,6.0,3.0,1.0,1.0,1.0,1.0,1.0,5.0,6.0,6.0,4.0,2.0,3.0,15.0,7.0,9.0,2.0,3.0,8.0,4.0,6.0,15.088186231730633,9,2012,7
Other,FC,2.0,3.0,4.0,4.0,2.0,1.0,5.0,5.0,5.0,5.0,1.0,5.0,5.0,3.0,3.0,5.0,4.0,4.0,1.0,1.0,1.0,1.0,1.0,6.0,4.0,6.0,6.0,2.0,3.0,8.0,7.0,6.0,4.0,6.0,5.0,3.0,4.0,14.911810174466455,10,2012,8
Other,IL,3.0,4.0,5.0,4.0,2.0,2.0,5.0,4.0,5.0,5.0,4.0,5.0,5.0,5.0,4.0,5.0,5.0,4.0,5.0,5.0,4.0,2.0,5.0,1.0,1.0,1.0,2.0,2.0,3.0,5.0,5.0,5.0,5.0,4.0,5.0,5.0,4.0,15.375438217026932,9,2012,9
Other,IL,6.0,3.0,6.0,6.0,4.0,4.0,10.0,8.0,10.0,10.0,6.0,10.0,8.0,9.0,8.0,12.0,3.0,12.0,10.0,12.0,6.0,1.0,10.0,2.0,2.0,2.0,2.0,5.0,8.0,15.0,3.0,15.0,6.0,18.0,12.0,16.0,6.0,14.898700193230836,26,2012,9
Big Cities,IL,9.0,8.0,6.0,8.0,8.0,6.0,10.0,10.0,8.0,8.0,4.0,6.0,6.0,3.0,2.0,9.0,3.0,12.0,25.0,12.0,6.0,2.0,10.0,4.0,4.0,5.0,2.0,8.0,2.0,20.0,9.0,20.0,4.0,18.0,12.0,12.0,2.0,15.169112549845753,29,2012,9
Other,IL,3.0,4.0,4.0,4.0,1.0,2.0,5.0,4.0,4.0,5.0,4.0,4.0,5.0,5.0,5.0,3.0,2.0,4.0,3.0,5.0,1.0,3.0,1.0,2.0,2.0,2.0,1.0,2.0,2.0,3.0,1.0,4.0,3.0,4.0,5.0,5.0,3.0,15.042480587303393,14,2012,10
Big Cities,IL,4.0,5.0,4.0,4.0,1.0,3.0,5.0,5.0,5.0,5.0,2.0,5.0,5.0,2.0,3.0,3.0,1.0,3.0,4.0,2.0,1.0,2.0,1.0,5.0,2.0,5.0,2.0,2.0,3.0,4.0,3.0,3.0,2.0,3.0,4.0,3.0,3.0,14.537558557351856,31,2012,12
Big Cities,IL,2.0,2.0,4.0,4.0,2.0,1.0,5.0,4.0,5.0,5.0,3.0,5.0,5.0,2.0,1.0,3.0,1.0,4.0,3.0,4.0,1.0,2.0,2.0,5.0,2.0,3.0,6.0,1.0,3.0,13.0,6.0,4.0,3.0,8.0,5.0,6.0,4.0,14.36630757459148,28,2013,2
Other,IL,2.0,4.0,2.0,5.0,2.0,3.0,5.0,5.0,5.0,5.0,2.0,5.0,5.0,2.0,6.0,5.0,6.0,9.0,1.0,1.0,1.0,1.0,1.0,6.0,4.0,4.0,2.0,1.0,3.0,6.0,9.0,12.0,3.0,3.0,6.0,4.0,4.0,14.535971303659679,9,2013,3
Big Cities,IL,4.0,5.0,4.0,4.0,2.0,2.0,5.0,4.0,4.0,4.0,5.0,3.0,4.0,4.0,3.0,6.0,8.0,2.0,4.0,5.0,2.0,2.0,2.0,5.0,4.0,5.0,3.0,3.0,3.0,13.0,7.0,11.0,3.0,7.0,2.0,8.0,5.0,14.687027748229546,16,2013,3
Other,FC,3.0,4.0,4.0,3.0,1.0,2.0,5.0,5.0,5.0,5.0,2.0,5.0,5.0,3.0,7.0,4.0,5.0,4.0,2.0,4.0,2.0,1.0,1.0,4.0,5.0,4.0,7.0,3.0,3.0,5.0,9.0,5.0,4.0,6.0,2.0,5.0,6.0,15.537431798491633,29,2013,3
Other,FC,2.0,3.0,4.0,4.0,2.0,2.0,5.0,5.0,5.0,5.0,1.0,5.0,5.0,3.0,5.0,5.0,5.0,5.0,3.0,1.0,1.0,2.0,1.0,4.0,2.0,4.0,3.0,2.0,3.0,8.0,3.0,3.0,1.0,6.0,7.0,5.0,3.0,14.67890797926529,23,2013,4
Other,FC,1.0,2.0,5.0,4.0,1.0,2.0,1.0,4.0,5.0,5.0,3.0,5.0,5.0,2.0,4.0,3.0,3.0,2.0,1.0,1.0,1.0,1.0,1.0,1.0,5.0,3.0,3.0,1.0,2.0,10.0,5.0,1.0,2.0,2.0,7.0,4.0,2.0,14.52122740818956,10,2013,7
Other,FC,2.0,2.0,4.0,4.0,3.0,1.0,4.0,5.0,5.0,5.0,2.0,5.0,5.0,8.0,5.0,4.0,6.0,6.0,2.0,1.0,1.0,1.0,1.0,8.0,9.0,9.0,6.0,1.0,3.0,6.0,6.0,12.0,2.0,7.0,5.0,9.0,3.0,14.297741626453158,5,2013,8
Big Cities,FC,12.0,8.0,6.0,6.0,2.0,8.0,10.0,10.0,8.0,8.0,4.0,8.0,6.0,8.0,7.0,13.0,6.0,10.0,15.0,9.0,3.0,3.0,5.0,4.0,7.0,9.0,1.0,5.0,8.0,21.0,15.0,23.0,3.0,22.0,8.0,17.0,8.0,15.046953577183888,8,2013,8
Other,FC,9.0,6.0,6.0,6.0,4.0,4.0,10.0,8.0,10.0,10.0,8.0,10.0,8.0,14.0,7.0,15.0,12.0,11.0,25.0,15.0,15.0,3.0,20.0,6.0,6.0,6.0,4.0,10.0,2.0,23.0,9.0,29.0,5.0,20.0,17.0,17.0,5.0,15.135968489360863,9,2013,8
Big Cities,FC,3.0,5.0,3.0,5.0,3.0,4.0,5.0,4.0,4.0,4.0,5.0,4.0,4.0,2.0,3.0,5.0,3.0,3.0,5.0,5.0,1.0,3.0,1.0,5.0,3.0,5.0,3.0,3.0,2.0,10.0,4.0,8.0,4.0,5.0,2.0,7.0,4.0,14.459910148448499,25,2013,10
Other,FC,2.0,3.0,4.0,4.0,2.0,1.0,1.0,4.0,4.0,5.0,3.0,4.0,5.0,4.0,6.0,6.0,6.0,2.0,1.0,1.0,1.0,1.0,1.0,2.0,4.0,6.0,4.0,1.0,3.0,6.0,5.0,11.0,3.0,8.0,2.0,9.0,3.0,14.382659046596372,12,2013,11
Big Cities,FC,3.0,5.0,4.0,3.0,1.0,2.0,5.0,5.0,5.0,5.0,1.0,5.0,5.0,7.0,2.0,3.0,1.0,5.0,1.0,1.0,1.0,1.0,1.0,4.0,5.0,6.0,1.0,1.0,3.0,5.0,4.0,9.0,3.0,6.0,7.0,5.0,4.0,14.378588915708418,21,2013,12
Big Cities,IL,4.0,5.0,4.0,4.0,2.0,3.0,5.0,5.0,5.0,5.0,1.0,5.0,5.0,3.0,2.0,4.0,5.0,4.0,2.0,2.0,2.0,1.0,1.0,3.0,2.0,6.0,5.0,2.0,3.0,6.0,4.0,7.0,2.0,5.0,6.0,6.0,3.0,15.145239858587065,3,2014,1
Big Cities,FC,5.0,5.0,4.0,4.0,2.0,2.0,5.0,4.0,4.0,4.0,4.0,3.0,4.0,3.0,2.0,5.0,5.0,4.0,4.0,5.0,1.0,3.0,1.0,5.0,3.0,4.0,3.0,3.0,1.0,2.0,6.0,6.0,2.0,3.0,5.0,6.0,4.0,13.955160320134425,25,2014,1
